[
  {
    "id": "d4524bfc-914e-4268-9cc6-42cd5a3c0b85",
    "data": [
      {
        "text": "I\u0027m sleeping",
        "userDefined": false
      }
    ],
    "isTemplate": false,
    "count": 0,
    "lang": "en-gb",
    "updated": 0
  },
  {
    "id": "48fc1666-9067-43f6-866a-e0d2b57cc78e",
    "data": [
      {
        "text": "I\u0027m falling asleep",
        "userDefined": false
      }
    ],
    "isTemplate": false,
    "count": 0,
    "lang": "en-gb",
    "updated": 0
  },
  {
    "id": "812f20b2-67b7-4299-ae4e-c32baea9333f",
    "data": [
      {
        "text": "I\u0027m ",
        "userDefined": false
      },
      {
        "text": "falling",
        "userDefined": false
      },
      {
        "text": " asleep on my feet",
        "userDefined": false
      }
    ],
    "isTemplate": false,
    "count": 0,
    "lang": "en-gb",
    "updated": 0
  },
  {
    "id": "e0fabad1-c12b-4a10-a980-04396c9fe8cf",
    "data": [
      {
        "text": "I am sleepy",
        "userDefined": false
      }
    ],
    "isTemplate": false,
    "count": 0,
    "lang": "en-gb",
    "updated": 0
  },
  {
    "id": "4fda031e-0bdc-4925-9212-582f4de99bd5",
    "data": [
      {
        "text": "I want to ",
        "userDefined": false
      },
      {
        "text": "sleep",
        "userDefined": false
      }
    ],
    "isTemplate": false,
    "count": 0,
    "lang": "en-gb",
    "updated": 0
  }
]